{
  "month": "2025-08",
  "n_transactions": 11439,
  "R2": 0.7607756143209738,
  "MAE": 220191.09602959084,
  "RMSE": 477701.87537400925,
  "MdAPE": 11.230951257314628
}