{
  "month": "2025-08",
  "n_transactions": 11439,
  "R2": 0.7946749943306977,
  "MAE": 209758.14411867494,
  "RMSE": 442563.0423987665,
  "MdAPE": 10.472383905661413
}