{
  "ridge": {
    "Model": "Ridge (low-card OHE, sparse)",
    "R2": 0.976807311753358,
    "MAE": 60245.45395058779,
    "RMSE": 156090.5780807322,
    "n_train": 32000,
    "n_test": 8000
  },
  "random_forest": {
    "Model": "RandomForest (ordinal cats)",
    "R2": 0.973922333141688,
    "MAE": 64045.50654714584,
    "RMSE": 165514.29569622708,
    "n_train": 32000,
    "n_test": 8000
  }
}