Model,R2,MAE,RMSE,MdAPE (%),n_test
RandomForest (tuned),0.7946749943306977,209758.14411867494,442563.0423987665,10.472383905661413,11439
Ridge (tuned),0.327244057142967,527882.1881321231,801093.104786773,38.12630807664535,11439
