Model,R2,MAE,RMSE,n_train,n_test
"Ridge (low-card OHE, sparse)",0.976807311753358,60245.45395058779,156090.5780807322,32000,8000
RandomForest (ordinal cats),0.973922333141688,64045.50654714584,165514.29569622708,32000,8000
