Model,R2,MAE,RMSE,n_test
RandomForest (tuned),0.9898252400441232,45744.78825892612,103386.35639499043,8000
Ridge (tuned),0.9768073117533581,60245.453950581,156090.57808073185,8000
