Model,R2,MAE,RMSE,MdAPE (%),n_test
RandomForest (tuned),0.8138890490598465,195291.19896896285,367498.4216745844,10.3316519095189,11325
Ridge (tuned),0.31843145839915943,503186.270990088,703273.5478112431,37.52161385056233,11325
