{
  "ridge": {
    "Model": "Ridge (low-card OHE, sparse)",
    "R2": 0.9768107763609407,
    "MAE": 60229.45705877891,
    "RMSE": 156078.91895798314,
    "n_train": 32000,
    "n_test": 8000
  },
  "random_forest": {
    "Model": "RandomForest (ordinal cats)",
    "R2": 0.9737228998348273,
    "MAE": 65298.88908690046,
    "RMSE": 166145.9893423664,
    "n_train": 32000,
    "n_test": 8000
  }
}