model,R2,MAE,RMSE,n_train,n_test,n_features_out_linear
LinearRegression (low-card OHE),-1514.600267064881,561633.7290109873,39105050.8602662,24000,6000,1
RandomForest (ordinal cats),0.9888580348750143,52833.71550746091,106028.20665643328,24000,6000,1
