Model,R2,MAE,RMSE,MdAPE (%),n_test
RandomForest (tuned),0.8141495764479075,199437.48747637903,367241.11028720543,11.038554159349296,11325
Ridge (tuned),0.3605544956595119,480196.83358834015,681194.7361244758,35.45963369163259,11325
