Model,R2,MAE,RMSE,n_test
Ridge (tuned),0.9768073117533581,60245.453950581,156090.57808073185,8000
RandomForest (tuned),0.9750962372883555,64638.240717071,161746.02956655546,8000
