Model,R2,MAE,RMSE,n_train,n_test
"Ridge (low-card OHE, sparse)",0.9768107763609407,60229.45705877891,156078.91895798314,32000,8000
RandomForest (ordinal cats),0.9737228998348273,65298.88908690046,166145.9893423664,32000,8000
