{
  "month": "2025-09",
  "n_transactions": 11476,
  "R2": 0.7501503550318721,
  "MAE": 228359.03786500634,
  "RMSE": 497473.65389935684,
  "MdAPE": 11.778891337766115
}